State,County,Percent_COPD,Quartile,Year,Median AQI,Days Ozone,Days PM2.5,Days NO2,Days PM10
California,Santa Clara,3.3,3.3 - 6.0,2021,53,90,275,0,0
New Mexico,Los Alamos,3.3,3.3 - 6.0,2021,14,0,119,0,0
California,San Mateo,3.5,3.3 - 6.0,2021,36,199,163,3,0
Maryland,Howard,3.5,3.3 - 6.0,2021,36,0,256,109,0
Maryland,Montgomery,3.5,3.3 - 6.0,2021,42,193,168,0,0
California,San Francisco,3.6,3.3 - 6.0,2021,39,162,195,8,0
Hawaii,Honolulu,3.6,3.3 - 6.0,2021,28,266,89,2,7
Virginia,Arlington,3.6,3.3 - 6.0,2021,38,267,61,37,0
California,Alameda,3.7,3.3 - 6.0,2021,53,99,263,3,0
Colorado,Douglas,3.7,3.3 - 6.0,2021,48,295,63,0,0
Virginia,Loudoun,3.7,3.3 - 6.0,2021,37,298,56,10,0
Minnesota,Washington,3.8,3.3 - 6.0,2021,35,227,0,0,0
Virginia,Fairfax,3.8,3.3 - 6.0,2021,47,101,254,10,0
Washington,King,3.8,3.3 - 6.0,2021,43,111,240,14,0
Colorado,Pitkin,3.9,3.3 - 6.0,2021,14,0,48,0,74
Minnesota,Hennepin,3.9,3.3 - 6.0,2021,45,92,219,18,36
Minnesota,Scott,3.9,3.3 - 6.0,2021,39,209,142,0,0
New Jersey,Bergen,3.9,3.3 - 6.0,2021,43,104,207,54,0
Minnesota,Dakota,4.0,3.3 - 6.0,2021,39,0,349,16,0
New Jersey,Morris,4.0,3.3 - 6.0,2021,36,317,38,8,0
Wisconsin,Ozaukee,4.0,3.3 - 6.0,2021,43,160,204,0,0
Wisconsin,Waukesha,4.0,3.3 - 6.0,2021,51,89,275,0,1
California,Marin,4.1,3.3 - 6.0,2021,38,149,214,2,0
Wisconsin,Dane,4.1,3.3 - 6.0,2021,48,98,267,0,0
California,Contra Costa,4.2,3.3 - 6.0,2021,47,139,226,0,0
Hawaii,Maui,4.2,3.3 - 6.0,2021,21,0,363,0,0
Kansas,Johnson,4.2,3.3 - 6.0,2021,46,117,247,0,0
Minnesota,Olmsted,4.2,3.3 - 6.0,2021,39,201,160,0,0
California,Orange,4.3,3.3 - 6.0,2021,55,124,232,5,4
Illinois,DuPage,4.3,3.3 - 6.0,2021,51,100,265,0,0
Massachusetts,Middlesex,4.3,3.3 - 6.0,2021,37,157,198,10,0
Nebraska,Sarpy,4.3,3.3 - 6.0,2021,41,0,336,0,0
New York,Nassau,4.3,3.3 - 6.0,2021,32,0,360,0,0
Utah,Davis,4.3,3.3 - 6.0,2021,47,233,110,21,1
Colorado,Boulder,4.4,3.3 - 6.0,2021,52,228,136,0,1
Colorado,Clear Creek,4.4,3.3 - 6.0,2021,49,357,0,0,0
Connecticut,Fairfield,4.4,3.3 - 6.0,2021,46,133,221,9,0
Indiana,Hamilton,4.4,3.3 - 6.0,2021,44,155,210,0,0
New Jersey,Hudson,4.4,3.3 - 6.0,2021,44,98,221,46,0
New York,New York,4.4,3.3 - 6.0,2021,43,148,217,0,0
Texas,Collin,4.4,3.3 - 6.0,2021,37,357,0,0,0
Wyoming,Teton,4.4,3.3 - 6.0,2021,44,318,45,0,2
California,Placer,4.5,3.3 - 6.0,2021,58,220,144,0,1
Georgia,Cobb,4.5,3.3 - 6.0,2021,41,188,97,0,0
Maryland,Prince George's,4.5,3.3 - 6.0,2021,41,290,69,6,0
Massachusetts,Norfolk,4.5,3.3 - 6.0,2021,37,185,180,0,0
Minnesota,Ramsey,4.5,3.3 - 6.0,2021,39,0,344,0,21
Minnesota,Wright,4.5,3.3 - 6.0,2021,43,148,209,0,0
New Jersey,Monmouth,4.5,3.3 - 6.0,2021,36,255,0,0,0
New York,Westchester,4.5,3.3 - 6.0,2021,38,258,107,0,0
North Carolina,Wake,4.5,3.3 - 6.0,2021,48,109,255,1,0
Oregon,Washington,4.5,3.3 - 6.0,2021,36,139,222,4,0
Pennsylvania,Chester,4.5,3.3 - 6.0,2021,45,105,242,0,0
Utah,Utah,4.5,3.3 - 6.0,2021,49,259,97,6,3
Colorado,Denver,4.6,3.3 - 6.0,2021,55,142,116,107,0
Connecticut,Middlesex,4.6,3.3 - 6.0,2021,39,207,0,0,0
Georgia,Fulton,4.6,3.3 - 6.0,2021,53,44,318,3,0
Hawaii,Kauai,4.6,3.3 - 6.0,2021,17,0,329,35,0
Maryland,Frederick,4.6,3.3 - 6.0,2021,41,244,0,0,0
Minnesota,Cook,4.6,3.3 - 6.0,2021,9,0,328,0,0
Montana,Gallatin,4.6,3.3 - 6.0,2021,41,0,358,5,0
New Mexico,Santa Fe,4.6,3.3 - 6.0,2021,44,324,40,0,0
North Dakota,Cass,4.6,3.3 - 6.0,2021,42,132,231,0,0
Pennsylvania,Montgomery,4.6,3.3 - 6.0,2021,47,114,242,0,0
Tennessee,Williamson,4.6,3.3 - 6.0,2021,39,243,0,0,0
California,Los Angeles,4.7,3.3 - 6.0,2021,79,148,199,13,5
California,San Benito,4.7,3.3 - 6.0,2021,41,280,79,0,6
California,San Diego,4.7,3.3 - 6.0,2021,67,163,199,0,3
Colorado,Gilpin,4.7,3.3 - 6.0,2021,46,363,0,0,0
Colorado,Jefferson,4.7,3.3 - 6.0,2021,47,363,0,2,0
Colorado,Routt,4.7,3.3 - 6.0,2021,15,0,0,0,354
Colorado,San Miguel,4.7,3.3 - 6.0,2021,48,199,0,0,53
Idaho,Ada,4.7,3.3 - 6.0,2021,46,207,150,7,1
Maryland,Anne Arundel,4.7,3.3 - 6.0,2021,38,240,0,0,22
Michigan,Oakland,4.7,3.3 - 6.0,2021,39,233,63,0,0
Minnesota,Anoka,4.7,3.3 - 6.0,2021,41,217,141,6,1
New Jersey,Union,4.7,3.3 - 6.0,2021,52,0,331,34,0
New York,Queens,4.7,3.3 - 6.0,2021,47,112,240,13,0
North Dakota,Burleigh,4.7,3.3 - 6.0,2021,38,124,235,3,3
Ohio,Delaware,4.7,3.3 - 6.0,2021,38,240,0,0,0
South Dakota,Union,4.7,3.3 - 6.0,2021,44,155,117,0,1
Texas,Travis,4.7,3.3 - 6.0,2021,51,111,248,3,3
Washington,Snohomish,4.7,3.3 - 6.0,2021,35,0,365,0,0
California,Napa,4.8,3.3 - 6.0,2021,41,74,65,0,0
California,Solano,4.8,3.3 - 6.0,2021,44,172,193,0,0
California,Ventura,4.8,3.3 - 6.0,2021,53,214,140,0,11
Illinois,Lake,4.8,3.3 - 6.0,2021,42,244,0,0,0
Nebraska,Washington,4.8,3.3 - 6.0,2021,37,0,109,0,0
New Jersey,Mercer,4.8,3.3 - 6.0,2021,48,139,226,0,0
Texas,Denton,4.8,3.3 - 6.0,2021,45,226,139,0,0
Texas,Rockwall,4.8,3.3 - 6.0,2021,31,360,0,0,0
Utah,Salt Lake,4.8,3.3 - 6.0,2021,59,223,117,13,12
Vermont,Chittenden,4.8,3.3 - 6.0,2021,40,175,190,0,0
Virginia,Albemarle,4.8,3.3 - 6.0,2021,41,123,237,0,0
Virginia,Prince William,4.8,3.3 - 6.0,2021,35,349,0,10,0
Wisconsin,Outagamie,4.8,3.3 - 6.0,2021,44,100,263,0,0
Colorado,Arapahoe,4.9,3.3 - 6.0,2021,46,352,13,0,0
Colorado,Gunnison,4.9,3.3 - 6.0,2021,46,365,0,0,0
Colorado,Larimer,4.9,3.3 - 6.0,2021,54,298,67,0,0
Connecticut,Litchfield,4.9,3.3 - 6.0,2021,38,249,114,0,0
Georgia,DeKalb,4.9,3.3 - 6.0,2021,49,59,288,18,0
Idaho,Blaine,4.9,3.3 - 6.0,2021,23,0,350,0,0
North Dakota,Billings,4.9,3.3 - 6.0,2021,37,291,73,0,0
Pennsylvania,Bucks,4.9,3.3 - 6.0,2021,37,283,0,0,0
South Dakota,Brookings,4.9,3.3 - 6.0,2021,39,236,103,0,26
Virginia,Stafford,4.9,3.3 - 6.0,2021,35,357,0,0,1
Wisconsin,Door,4.9,3.3 - 6.0,2021,39,206,0,0,0
California,El Dorado,5.0,3.3 - 6.0,2021,43,349,9,0,7
Connecticut,Tolland,5.0,3.3 - 6.0,2021,39,201,0,0,0
Georgia,Columbia,5.0,3.3 - 6.0,2021,33,245,0,0,0
Georgia,Gwinnett,5.0,3.3 - 6.0,2021,49,71,253,0,0
Hawaii,Hawaii,5.0,3.3 - 6.0,2021,27,0,365,0,0
Illinois,McHenry,5.0,3.3 - 6.0,2021,49,115,248,0,0
Illinois,Will,5.0,3.3 - 6.0,2021,52,83,282,0,0
Maryland,Baltimore,5.0,3.3 - 6.0,2021,47,178,177,10,0
Maryland,Calvert,5.0,3.3 - 6.0,2021,39,223,0,0,0
Maryland,Carroll,5.0,3.3 - 6.0,2021,41,243,0,0,0
Maryland,Charles,5.0,3.3 - 6.0,2021,38,242,0,0,0
Michigan,Washtenaw,5.0,3.3 - 6.0,2021,46,150,215,0,0
Montana,Lewis and Clark,5.0,3.3 - 6.0,2021,44,218,147,0,0
Nebraska,Lancaster,5.0,3.3 - 6.0,2021,37,201,75,0,0
New Mexico,Sandoval,5.0,3.3 - 6.0,2021,44,357,0,0,0
New York,Putnam,5.0,3.3 - 6.0,2021,35,353,0,0,0
Oregon,Clackamas,5.0,3.3 - 6.0,2021,31,134,220,0,0
Rhode Island,Washington,5.0,3.3 - 6.0,2021,36,173,185,0,0
South Dakota,Minnehaha,5.0,3.3 - 6.0,2021,39,193,126,12,18
Virginia,Henrico,5.0,3.3 - 6.0,2021,44,111,250,1,0
Washington,Kitsap,5.0,3.3 - 6.0,2021,26,0,359,0,0
Wisconsin,Brown,5.0,3.3 - 6.0,2021,43,107,258,0,0
California,Santa Cruz,5.1,3.3 - 6.0,2021,37,187,178,0,0
California,Sonoma,5.1,3.3 - 6.0,2021,37,156,203,0,6
Colorado,La Plata,5.1,3.3 - 6.0,2021,47,325,38,0,0
Delaware,New Castle,5.1,3.3 - 6.0,2021,48,137,228,0,0
Maryland,Harford,5.1,3.3 - 6.0,2021,46,174,183,0,0
Massachusetts,Barnstable,5.1,3.3 - 6.0,2021,36,346,13,0,0
Minnesota,Goodhue,5.1,3.3 - 6.0,2021,39,216,0,0,0
Minnesota,Lake,5.1,3.3 - 6.0,2021,31,183,179,0,0
Montana,Missoula,5.1,3.3 - 6.0,2021,56,63,302,0,0
Nebraska,Douglas,5.1,3.3 - 6.0,2021,43,165,189,0,11
New Mexico,Bernalillo,5.1,3.3 - 6.0,2021,63,147,118,0,100
New York,Suffolk,5.1,3.3 - 6.0,2021,42,247,118,0,0
North Carolina,Mecklenburg,5.1,3.3 - 6.0,2021,49,108,257,0,0
North Dakota,Burke,5.1,3.3 - 6.0,2021,38,222,141,0,2
South Carolina,Charleston,5.1,3.3 - 6.0,2021,48,46,319,0,0
South Dakota,Hughes,5.1,3.3 - 6.0,2021,12,0,349,0,0
Utah,Tooele,5.1,3.3 - 6.0,2021,43,241,123,1,0
Washington,Thurston,5.1,3.3 - 6.0,2021,19,0,329,0,0
Wisconsin,Columbia,5.1,3.3 - 6.0,2021,40,208,0,0,0
Wisconsin,Jefferson,5.1,3.3 - 6.0,2021,40,208,0,0,0
Wisconsin,La Crosse,5.1,3.3 - 6.0,2021,43,115,250,0,0
Wisconsin,Marathon,5.1,3.3 - 6.0,2021,36,200,0,0,0
Wisconsin,Sheboygan,5.1,3.3 - 6.0,2021,41,208,0,0,0
Alabama,Shelby,5.2,3.3 - 6.0,2021,35,243,0,0,0
California,San Luis Obispo,5.2,3.3 - 6.0,2021,53,190,167,0,8
California,Yolo,5.2,3.3 - 6.0,2021,42,215,149,0,1
Colorado,El Paso,5.2,3.3 - 6.0,2021,47,333,32,0,0
Colorado,Park,5.2,3.3 - 6.0,2021,48,322,0,0,0
Connecticut,Hartford,5.2,3.3 - 6.0,2021,42,127,226,12,0
Georgia,Henry,5.2,3.3 - 6.0,2021,39,140,220,0,0
Illinois,Cook,5.2,3.3 - 6.0,2021,59,78,255,7,25
Maine,Cumberland,5.2,3.3 - 6.0,2021,36,260,97,5,3
New Hampshire,Rockingham,5.2,3.3 - 6.0,2021,40,199,165,0,1
New Jersey,Warren,5.2,3.3 - 6.0,2021,42,112,234,12,0
New Mexico,Taos,5.2,3.3 - 6.0,2021,28,0,323,0,0
North Carolina,Durham,5.2,3.3 - 6.0,2021,44,116,249,0,0
North Dakota,Ward,5.2,3.3 - 6.0,2021,37,180,179,1,0
Oregon,Multnomah,5.2,3.3 - 6.0,2021,36,188,176,1,0
South Dakota,Brown,5.2,3.3 - 6.0,2021,26,0,210,0,146
South Dakota,Meade,5.2,3.3 - 6.0,2021,38,346,0,0,19
South Dakota,Pennington,5.2,3.3 - 6.0,2021,39,0,197,16,152
Utah,Washington,5.2,3.3 - 6.0,2021,45,340,25,0,0
Wisconsin,Eau Claire,5.2,3.3 - 6.0,2021,44,98,263,0,1
Wisconsin,Kenosha,5.2,3.3 - 6.0,2021,47,168,176,0,0
Wisconsin,Walworth,5.2,3.3 - 6.0,2021,41,221,0,0,0
California,Riverside,5.3,3.3 - 6.0,2021,89,191,127,0,47
California,Sacramento,5.3,3.3 - 6.0,2021,55,195,166,0,4
California,Santa Barbara,5.3,3.3 - 6.0,2021,44,180,184,0,1
Colorado,Garfield,5.3,3.3 - 6.0,2021,49,357,8,0,0
Colorado,Grand,5.3,3.3 - 6.0,2021,48,21,0,0,0
Colorado,San Juan,5.3,3.3 - 6.0,2021,9,0,119,0,0
Illinois,Kane,5.3,3.3 - 6.0,2021,44,189,96,0,0
Iowa,Bremer,5.3,3.3 - 6.0,2021,40,244,0,0,0
Iowa,Johnson,5.3,3.3 - 6.0,2021,52,0,364,0,0
Massachusetts,Dukes,5.3,3.3 - 6.0,2021,36,337,19,0,0
Minnesota,Winona,5.3,3.3 - 6.0,2021,24,0,116,0,0
Nebraska,Cass,5.3,3.3 - 6.0,2021,19,0,0,0,351
Nebraska,Thomas,5.3,3.3 - 6.0,2021,19,0,117,0,0
Pennsylvania,Cumberland,5.3,3.3 - 6.0,2021,47,0,365,0,0
Texas,Brewster,5.3,3.3 - 6.0,2021,42,276,80,0,0
Utah,Weber,5.3,3.3 - 6.0,2021,46,220,120,12,10
Virginia,Chesterfield,5.3,3.3 - 6.0,2021,38,203,80,0,0
Virginia,Fauquier,5.3,3.3 - 6.0,2021,34,237,0,0,0
Washington,Benton,5.3,3.3 - 6.0,2021,36,126,187,0,52
Washington,Jefferson,5.3,3.3 - 6.0,2021,20,0,358,0,0
Wisconsin,Fond du Lac,5.3,3.3 - 6.0,2021,39,208,0,0,0
Wisconsin,Kewaunee,5.3,3.3 - 6.0,2021,40,207,0,0,0
Arizona,Maricopa,5.4,3.3 - 6.0,2021,122,295,27,0,43
California,Mono,5.4,3.3 - 6.0,2021,27,0,241,0,123
California,Nevada,5.4,3.3 - 6.0,2021,50,208,157,0,0
Connecticut,New Haven,5.4,3.3 - 6.0,2021,46,138,218,8,1
Connecticut,New London,5.4,3.3 - 6.0,2021,39,135,228,0,0
Indiana,Boone,5.4,3.3 - 6.0,2021,33,365,0,0,0
Massachusetts,Essex,5.4,3.3 - 6.0,2021,38,184,181,0,0
Massachusetts,Plymouth,5.4,3.3 - 6.0,2021,39,147,218,0,0
Minnesota,Crow Wing,5.4,3.3 - 6.0,2021,36,179,178,0,0
Minnesota,Lyon,5.4,3.3 - 6.0,2021,39,159,200,0,0
Minnesota,Stearns,5.4,3.3 - 6.0,2021,40,132,230,0,0
New Mexico,Rio Arriba,5.4,3.3 - 6.0,2021,44,360,3,0,0
North Carolina,Union,5.4,3.3 - 6.0,2021,42,244,0,0,0
Oregon,Deschutes,5.4,3.3 - 6.0,2021,25,0,365,0,0
Pennsylvania,Allegheny,5.4,3.3 - 6.0,2021,57,63,302,0,0
Pennsylvania,Delaware,5.4,3.3 - 6.0,2021,51,92,270,3,0
Rhode Island,Kent,5.4,3.3 - 6.0,2021,34,163,195,0,0
Texas,Brazoria,5.4,3.3 - 6.0,2021,34,355,0,10,0
Texas,El Paso,5.4,3.3 - 6.0,2021,59,141,207,7,10
Utah,Cache,5.4,3.3 - 6.0,2021,45,229,124,0,12
Virginia,Hanover,5.4,3.3 - 6.0,2021,38,245,0,0,0
Washington,Clark,5.4,3.3 - 6.0,2021,34,136,229,0,0
Wisconsin,Racine,5.4,3.3 - 6.0,2021,43,210,0,0,0
Wisconsin,Vilas,5.4,3.3 - 6.0,2021,34,158,205,0,0
California,Inyo,5.5,3.3 - 6.0,2021,61,152,185,0,28
California,Monterey,5.5,3.3 - 6.0,2021,41,161,194,0,10
Colorado,Adams,5.5,3.3 - 6.0,2021,49,174,88,52,51
Colorado,Archuleta,5.5,3.3 - 6.0,2021,45,345,0,0,20
Iowa,Linn,5.5,3.3 - 6.0,2021,52,75,290,0,0
Iowa,Polk,5.5,3.3 - 6.0,2021,45,115,243,7,0
Kansas,Leavenworth,5.5,3.3 - 6.0,2021,34,348,0,0,0
Massachusetts,Hampshire,5.5,3.3 - 6.0,2021,35,204,147,0,1
Massachusetts,Suffolk,5.5,3.3 - 6.0,2021,44,65,289,11,0
Minnesota,Carlton,5.5,3.3 - 6.0,2021,31,191,174,0,0
Montana,Flathead,5.5,3.3 - 6.0,2021,39,181,144,0,40
Nebraska,Scotts Bluff,5.5,3.3 - 6.0,2021,21,0,332,0,0
New Hampshire,Hillsborough,5.5,3.3 - 6.0,2021,37,317,48,0,0
New Jersey,Essex,5.5,3.3 - 6.0,2021,46,97,242,26,0
New Jersey,Passaic,5.5,3.3 - 6.0,2021,37,261,0,0,0
New York,Kings,5.5,3.3 - 6.0,2021,42,0,365,0,0
New York,Saratoga,5.5,3.3 - 6.0,2021,31,354,0,0,0
North Dakota,Dunn,5.5,3.3 - 6.0,2021,39,238,125,0,2
Oregon,Benton,5.5,3.3 - 6.0,2021,22,0,365,0,0
South Carolina,York,5.5,3.3 - 6.0,2021,44,181,179,0,0
Utah,Box Elder,5.5,3.3 - 6.0,2021,42,361,0,2,0
Washington,Pierce,5.5,3.3 - 6.0,2021,42,200,163,2,0
Washington,Skagit,5.5,3.3 - 6.0,2021,28,60,254,0,0
Wisconsin,Dodge,5.5,3.3 - 6.0,2021,46,171,194,0,0
Wisconsin,Rock,5.5,3.3 - 6.0,2021,41,205,0,0,0
Wisconsin,Sauk,5.5,3.3 - 6.0,2021,44,110,255,0,0
Alabama,Madison,5.6,3.3 - 6.0,2021,49,59,285,0,13
Arizona,Pima,5.6,3.3 - 6.0,2021,56,147,145,0,73
California,San Bernardino,5.6,3.3 - 6.0,2021,87,191,155,7,12
California,San Joaquin,5.6,3.3 - 6.0,2021,55,114,231,0,20
Colorado,Chaffee,5.6,3.3 - 6.0,2021,58,112,0,0,0
Colorado,Weld,5.6,3.3 - 6.0,2021,54,259,106,0,0
Georgia,Houston,5.6,3.3 - 6.0,2021,49,0,359,0,0
Indiana,Hendricks,5.6,3.3 - 6.0,2021,33,365,0,0,0
Michigan,Ottawa,5.6,3.3 - 6.0,2021,49,101,264,0,0
Minnesota,Becker,5.6,3.3 - 6.0,2021,52,28,329,0,0
Montana,Richland,5.6,3.3 - 6.0,2021,38,273,75,0,3
Montana,Yellowstone,5.6,3.3 - 6.0,2021,40,0,340,0,0
New Jersey,Camden,5.6,3.3 - 6.0,2021,49,138,218,9,0
New Mexico,Valencia,5.6,3.3 - 6.0,2021,43,356,0,0,0
North Dakota,Oliver,5.6,3.3 - 6.0,2021,41,205,160,0,0
Ohio,Warren,5.6,3.3 - 6.0,2021,44,146,214,0,0
Pennsylvania,Northampton,5.6,3.3 - 6.0,2021,45,132,230,3,0
Rhode Island,Providence,5.6,3.3 - 6.0,2021,45,117,244,4,0
South Carolina,Greenville,5.6,3.3 - 6.0,2021,51,114,248,3,0
Washington,Whatcom,5.6,3.3 - 6.0,2021,28,155,177,0,0
Wisconsin,Manitowoc,5.6,3.3 - 6.0,2021,39,207,0,0,0
Idaho,Boise,5.7,3.3 - 6.0,2021,49,0,365,0,0
Idaho,Latah,5.7,3.3 - 6.0,2021,20,0,360,0,0
Illinois,McLean,5.7,3.3 - 6.0,2021,48,89,276,0,0
Kentucky,Oldham,5.7,3.3 - 6.0,2021,39,244,0,0,0
Massachusetts,Worcester,5.7,3.3 - 6.0,2021,45,97,265,3,0
Michigan,Keweenaw,5.7,3.3 - 6.0,2021,14,0,117,0,0
Nebraska,Hall,5.7,3.3 - 6.0,2021,34,0,357,0,0
Nevada,Douglas,5.7,3.3 - 6.0,2021,24,0,365,0,0
New York,Dutchess,5.7,3.3 - 6.0,2021,34,341,0,0,0
New York,Richmond,5.7,3.3 - 6.0,2021,42,159,205,0,0
South Carolina,Richland,5.7,3.3 - 6.0,2021,42,213,152,0,0
Texas,Bexar,5.7,3.3 - 6.0,2021,55,94,269,0,2
Vermont,Bennington,5.7,3.3 - 6.0,2021,37,221,144,0,0
Wyoming,Sheridan,5.7,3.3 - 6.0,2021,40,299,45,0,20
Wyoming,Sublette,5.7,3.3 - 6.0,2021,46,342,23,0,0
Arizona,Santa Cruz,5.8,3.3 - 6.0,2021,52,0,295,0,65
California,Amador,5.8,3.3 - 6.0,2021,37,365,0,0,0
California,Tuolumne,5.8,3.3 - 6.0,2021,41,360,0,0,0
Georgia,Dawson,5.8,3.3 - 6.0,2021,36,245,0,0,0
Idaho,Bonneville,5.8,3.3 - 6.0,2021,31,0,356,0,0
Iowa,Scott,5.8,3.3 - 6.0,2021,53,73,241,0,51
Kansas,Sedgwick,5.8,3.3 - 6.0,2021,46,188,163,6,8
Maryland,Kent,5.8,3.3 - 6.0,2021,40,208,149,0,0
Michigan,Clinton,5.8,3.3 - 6.0,2021,37,239,0,0,0
Montana,Ravalli,5.8,3.3 - 6.0,2021,28,0,358,0,0
Montana,Sheridan,5.8,3.3 - 6.0,2021,17,0,120,0,0
New Hampshire,Grafton,5.8,3.3 - 6.0,2021,36,201,164,0,0
New Jersey,Ocean,5.8,3.3 - 6.0,2021,42,154,203,0,0
New York,Tompkins,5.8,3.3 - 6.0,2021,35,360,0,0,0
North Carolina,New Hanover,5.8,3.3 - 6.0,2021,40,105,255,0,0
North Dakota,McKenzie,5.8,3.3 - 6.0,2021,36,237,116,0,3
North Dakota,Mercer,5.8,3.3 - 6.0,2021,38,218,145,2,0
Oklahoma,Canadian,5.8,3.3 - 6.0,2021,37,333,0,0,0
South Dakota,Codington,5.8,3.3 - 6.0,2021,43,136,197,0,32
South Dakota,Custer,5.8,3.3 - 6.0,2021,39,307,55,0,2
Texas,Montgomery,5.8,3.3 - 6.0,2021,47,148,211,0,0
Vermont,Rutland,5.8,3.3 - 6.0,2021,40,145,220,0,0
Vermont,Windham,5.8,3.3 - 6.0,2021,11,0,118,0,0
Virginia,Roanoke,5.8,3.3 - 6.0,2021,43,114,249,1,0
Washington,Chelan,5.8,3.3 - 6.0,2021,31,0,365,0,0
Washington,Columbia,5.8,3.3 - 6.0,2021,39,258,107,0,0
Washington,Garfield,5.8,3.3 - 6.0,2021,19,0,334,0,0
Washington,Walla Walla,5.8,3.3 - 6.0,2021,24,0,220,0,145
Wisconsin,Milwaukee,5.8,3.3 - 6.0,2021,52,118,241,3,3
Wyoming,Park,5.8,3.3 - 6.0,2021,14,0,146,0,6
California,Imperial,5.9,3.3 - 6.0,2021,60,134,126,0,105
Colorado,Pueblo,5.9,3.3 - 6.0,2021,23,0,83,0,137
Georgia,Chatham,5.9,3.3 - 6.0,2021,51,31,332,0,0
Georgia,Douglas,5.9,3.3 - 6.0,2021,38,244,0,0,0
Idaho,Kootenai,5.9,3.3 - 6.0,2021,31,0,357,0,0
Illinois,Champaign,5.9,3.3 - 6.0,2021,44,143,222,0,0
Indiana,Warrick,5.9,3.3 - 6.0,2021,35,365,0,0,0
Michigan,Kent,5.9,3.3 - 6.0,2021,49,123,237,5,0
Minnesota,Cass,5.9,3.3 - 6.0,2021,54,0,352,0,0
Mississippi,DeSoto,5.9,3.3 - 6.0,2021,46,85,279,0,0
New Hampshire,Merrimack,5.9,3.3 - 6.0,2021,36,214,0,0,0
New Jersey,Atlantic,5.9,3.3 - 6.0,2021,37,202,160,0,0
New Mexico,Eddy,5.9,3.3 - 6.0,2021,47,357,6,2,0
New Mexico,Lincoln,5.9,3.3 - 6.0,2021,15,0,120,0,0
New York,Albany,5.9,3.3 - 6.0,2021,39,147,218,0,0
New York,Rockland,5.9,3.3 - 6.0,2021,37,240,122,0,0
North Carolina,Buncombe,5.9,3.3 - 6.0,2021,41,123,242,0,0
North Carolina,Guilford,5.9,3.3 - 6.0,2021,44,154,209,0,2
Oregon,Wallowa,5.9,3.3 - 6.0,2021,26,0,365,0,0
Texas,Galveston,5.9,3.3 - 6.0,2021,43,194,163,1,3
Texas,Randall,5.9,3.3 - 6.0,2021,42,360,0,0,0
Texas,Wilson,5.9,3.3 - 6.0,2021,7,0,0,363,0
Utah,Garfield,5.9,3.3 - 6.0,2021,45,359,3,0,0
Utah,Wayne,5.9,3.3 - 6.0,2021,11,0,120,0,0
Washington,Clallam,5.9,3.3 - 6.0,2021,37,207,158,0,0
Washington,Spokane,5.9,3.3 - 6.0,2021,43,125,236,0,4
Wyoming,Lincoln,5.9,3.3 - 6.0,2021,30,126,31,5,203
California,Sutter,6.0,3.3 - 6.0,2021,59,95,268,0,1
Georgia,Rockdale,6.0,3.3 - 6.0,2021,39,243,0,0,0
Iowa,Palo Alto,6.0,3.3 - 6.0,2021,43,136,226,0,0
Kansas,Trego,6.0,3.3 - 6.0,2021,43,235,117,2,8
Massachusetts,Franklin,6.0,3.3 - 6.0,2021,44,101,264,0,0
New Hampshire,Belknap,6.0,3.3 - 6.0,2021,31,160,205,0,0
New York,Monroe,6.0,3.3 - 6.0,2021,43,131,234,0,0
Pennsylvania,Dauphin,6.0,3.3 - 6.0,2021,52,78,281,0,0
Pennsylvania,Lehigh,6.0,3.3 - 6.0,2021,47,83,262,0,8
Pennsylvania,Monroe,6.0,3.3 - 6.0,2021,35,233,0,0,0
Pennsylvania,Washington,6.0,3.3 - 6.0,2021,49,98,267,0,0
Pennsylvania,Westmoreland,6.0,3.3 - 6.0,2021,47,28,326,0,0
Texas,Dallas,6.0,3.3 - 6.0,2021,47,180,172,12,1
Texas,Ellis,6.0,3.3 - 6.0,2021,43,184,174,5,0
Texas,Harris,6.0,3.3 - 6.0,2021,58,69,283,3,10
Texas,Webb,6.0,3.3 - 6.0,2021,48,60,303,0,2
Washington,Kittitas,6.0,3.3 - 6.0,2021,28,0,365,0,0
Wisconsin,Monroe,6.0,3.3 - 6.0,2021,32,0,265,0,0
Wyoming,Albany,6.0,3.3 - 6.0,2021,50,277,18,3,67
Wyoming,Laramie,6.0,3.3 - 6.0,2021,44,320,40,2,0
Alabama,Jefferson,6.1,6.1 - 7.0,2021,56,47,317,1,0
California,Fresno,6.1,6.1 - 7.0,2021,68,146,209,0,10
California,Plumas,6.1,6.1 - 7.0,2021,67,0,365,0,0
California,Stanislaus,6.1,6.1 - 7.0,2021,61,136,225,0,4
Illinois,Jersey,6.1,6.1 - 7.0,2021,45,120,240,0,0
Massachusetts,Berkshire,6.1,6.1 - 7.0,2021,44,72,293,0,0
Minnesota,Beltrami,6.1,6.1 - 7.0,2021,29,0,341,0,0
Minnesota,Mille Lacs,6.1,6.1 - 7.0,2021,36,245,0,0,0
Missouri,Clay,6.1,6.1 - 7.0,2021,41,206,144,0,0
Montana,Fergus,6.1,6.1 - 7.0,2021,41,296,68,0,1
Nevada,Washoe,6.1,6.1 - 7.0,2021,51,240,120,1,4
Ohio,Medina,6.1,6.1 - 7.0,2021,42,169,194,0,0
Pennsylvania,Centre,6.1,6.1 - 7.0,2021,43,162,203,0,0
Pennsylvania,Lancaster,6.1,6.1 - 7.0,2021,56,60,303,0,2
South Carolina,Berkeley,6.1,6.1 - 7.0,2021,34,258,0,0,0
South Carolina,Lexington,6.1,6.1 - 7.0,2021,46,0,346,0,12
Texas,Atascosa,6.1,6.1 - 7.0,2021,43,0,356,0,0
Texas,Nueces,6.1,6.1 - 7.0,2021,47,127,236,0,1
Texas,Tarrant,6.1,6.1 - 7.0,2021,52,137,222,6,0
Washington,Franklin,6.1,6.1 - 7.0,2021,21,0,320,0,0
Wisconsin,Grant,6.1,6.1 - 7.0,2021,46,0,355,0,0
Wisconsin,Taylor,6.1,6.1 - 7.0,2021,39,196,168,0,0
Arizona,Cochise,6.2,6.1 - 7.0,2021,45,307,2,0,56
California,Mariposa,6.2,6.1 - 7.0,2021,49,292,73,0,0
Colorado,Mesa,6.2,6.1 - 7.0,2021,46,271,94,0,0
Idaho,Valley,6.2,6.1 - 7.0,2021,41,0,351,0,0
Illinois,Sangamon,6.2,6.1 - 7.0,2021,43,100,262,0,0
Iowa,Cerro Gordo,6.2,6.1 - 7.0,2021,19,0,0,0,120
Iowa,Muscatine,6.2,6.1 - 7.0,2021,45,0,363,0,2
Kansas,Shawnee,6.2,6.1 - 7.0,2021,49,86,279,0,0
Louisiana,Ascension,6.2,6.1 - 7.0,2021,31,346,0,10,0
Louisiana,St. Tammany,6.2,6.1 - 7.0,2021,37,152,200,0,0
Montana,Cascade,6.2,6.1 - 7.0,2021,27,0,365,0,0
Montana,Powder River,6.2,6.1 - 7.0,2021,42,202,134,1,21
Nebraska,Knox,6.2,6.1 - 7.0,2021,37,358,0,0,0
New Hampshire,Cheshire,6.2,6.1 - 7.0,2021,40,127,237,0,0
New Mexico,Lea,6.2,6.1 - 7.0,2021,44,264,99,2,0
North Carolina,Carteret,6.2,6.1 - 7.0,2021,35,352,0,0,0
Oklahoma,Cleveland,6.2,6.1 - 7.0,2021,53,83,279,0,0
Pennsylvania,Adams,6.2,6.1 - 7.0,2021,47,145,219,0,0
Pennsylvania,York,6.2,6.1 - 7.0,2021,51,91,263,3,0
Texas,Hood,6.2,6.1 - 7.0,2021,35,357,0,0,0
Texas,Kleberg,6.2,6.1 - 7.0,2021,48,0,348,0,0
Virginia,Frederick,6.2,6.1 - 7.0,2021,44,83,279,0,0
Washington,Klickitat,6.2,6.1 - 7.0,2021,21,0,119,0,0
Washington,Pend Oreille,6.2,6.1 - 7.0,2021,35,0,360,0,0
Arizona,Pinal,6.3,6.1 - 7.0,2021,70,135,48,0,182
California,Colusa,6.3,6.1 - 7.0,2021,55,60,291,0,14
Connecticut,Windham,6.3,6.1 - 7.0,2021,34,361,0,0,0
Delaware,Sussex,6.3,6.1 - 7.0,2021,40,232,133,0,0
Georgia,Pike,6.3,6.1 - 7.0,2021,36,352,0,0,0
Idaho,Bannock,6.3,6.1 - 7.0,2021,44,96,195,0,74
Idaho,Twin Falls,6.3,6.1 - 7.0,2021,28,0,361,0,0
Illinois,Madison,6.3,6.1 - 7.0,2021,57,65,300,0,0
Iowa,Harrison,6.3,6.1 - 7.0,2021,39,243,0,0,0
Maine,York,6.3,6.1 - 7.0,2021,37,240,0,0,0
Maryland,Cecil,6.3,6.1 - 7.0,2021,44,158,200,0,0
Michigan,Benzie,6.3,6.1 - 7.0,2021,36,251,0,0,0
Michigan,Kalamazoo,6.3,6.1 - 7.0,2021,50,72,277,0,0
Montana,Phillips,6.3,6.1 - 7.0,2021,36,260,96,0,5
New York,Orange,6.3,6.1 - 7.0,2021,37,207,157,0,0
North Carolina,Forsyth,6.3,6.1 - 7.0,2021,48,131,234,0,0
Texas,Parker,6.3,6.1 - 7.0,2021,36,354,0,0,0
Utah,Iron,6.3,6.1 - 7.0,2021,40,268,86,11,0
Wisconsin,Jackson,6.3,6.1 - 7.0,2021,31,0,237,0,0
Wyoming,Natrona,6.3,6.1 - 7.0,2021,42,333,30,2,0
Wyoming,Platte,6.3,6.1 - 7.0,2021,16,0,0,0,362
Wyoming,Sweetwater,6.3,6.1 - 7.0,2021,45,286,24,2,53
Arizona,Coconino,6.4,6.1 - 7.0,2021,46,356,9,0,0
Arizona,Yavapai,6.4,6.1 - 7.0,2021,44,331,0,0,0
Arizona,Yuma,6.4,6.1 - 7.0,2021,50,174,146,0,45
California,Kings,6.4,6.1 - 7.0,2021,64,119,168,0,78
California,Merced,6.4,6.1 - 7.0,2021,54,210,151,0,4
Colorado,Montezuma,6.4,6.1 - 7.0,2021,44,364,1,0,0
Georgia,Glynn,6.4,6.1 - 7.0,2021,38,185,137,0,0
Georgia,Hall,6.4,6.1 - 7.0,2021,46,0,365,0,0
Georgia,Muscogee,6.4,6.1 - 7.0,2021,43,87,266,0,0
Idaho,Bonner,6.4,6.1 - 7.0,2021,37,0,319,0,45
Idaho,Nez Perce,6.4,6.1 - 7.0,2021,34,0,365,0,0
Illinois,Clark,6.4,6.1 - 7.0,2021,34,363,0,0,0
Illinois,Jo Daviess,6.4,6.1 - 7.0,2021,36,362,0,0,0
Illinois,Peoria,6.4,6.1 - 7.0,2021,50,92,269,0,0
Iowa,Black Hawk,6.4,6.1 - 7.0,2021,47,0,365,0,0
Kansas,Sherman,6.4,6.1 - 7.0,2021,17,0,0,0,320
Louisiana,East Baton Rouge,6.4,6.1 - 7.0,2021,47,85,279,1,0
Maine,Hancock,6.4,6.1 - 7.0,2021,36,332,32,0,0
Michigan,Ingham,6.4,6.1 - 7.0,2021,46,105,257,1,0
Missouri,Boone,6.4,6.1 - 7.0,2021,37,245,0,0,0
Nebraska,Gage,6.4,6.1 - 7.0,2021,55,0,184,0,0
Nevada,Clark,6.4,6.1 - 7.0,2021,62,214,133,1,17
Nevada,Carson City,6.4,6.1 - 7.0,2021,42,266,99,0,0
Ohio,Greene,6.4,6.1 - 7.0,2021,39,244,0,0,0
Oregon,Lane,6.4,6.1 - 7.0,2021,44,75,289,0,1
Pennsylvania,Beaver,6.4,6.1 - 7.0,2021,52,95,270,0,0
Pennsylvania,Berks,6.4,6.1 - 7.0,2021,48,133,232,0,0
South Carolina,Aiken,6.4,6.1 - 7.0,2021,36,282,0,0,0
Tennessee,Davidson,6.4,6.1 - 7.0,2021,52,47,312,6,0
Tennessee,Wilson,6.4,6.1 - 7.0,2021,37,243,0,0,0
Texas,Maverick,6.4,6.1 - 7.0,2021,37,0,353,0,0
Washington,Grant,6.4,6.1 - 7.0,2021,25,0,365,0,0
Washington,Mason,6.4,6.1 - 7.0,2021,22,0,361,0,0
Wyoming,Campbell,6.4,6.1 - 7.0,2021,44,184,29,0,152
Wyoming,Converse,6.4,6.1 - 7.0,2021,42,310,0,0,55
Wyoming,Johnson,6.4,6.1 - 7.0,2021,40,358,0,2,5
Wyoming,Uinta,6.4,6.1 - 7.0,2021,7,0,0,0,364
Alabama,Baldwin,6.5,6.1 - 7.0,2021,37,199,81,0,0
Arkansas,Pulaski,6.5,6.1 - 7.0,2021,54,36,327,2,0
California,Calaveras,6.5,6.1 - 7.0,2021,46,216,148,0,0
California,Mendocino,6.5,6.1 - 7.0,2021,46,76,289,0,0
California,Shasta,6.5,6.1 - 7.0,2021,46,271,94,0,0
Colorado,Alamosa,6.5,6.1 - 7.0,2021,12,0,120,0,0
Idaho,Canyon,6.5,6.1 - 7.0,2021,46,0,347,0,18
Illinois,Effingham,6.5,6.1 - 7.0,2021,37,237,0,0,0
Iowa,Pottawattamie,6.5,6.1 - 7.0,2021,44,0,123,0,1
Kansas,Ford,6.5,6.1 - 7.0,2021,17,0,0,0,358
Kansas,Sumner,6.5,6.1 - 7.0,2021,52,94,266,0,5
Kentucky,Boone,6.5,6.1 - 7.0,2021,39,244,0,0,0
Maine,Knox,6.5,6.1 - 7.0,2021,35,211,0,0,0
Mississippi,Lee,6.5,6.1 - 7.0,2021,36,242,0,0,0
Montana,Lake,6.5,6.1 - 7.0,2021,9,0,117,0,0
Montana,Silver Bow,6.5,6.1 - 7.0,2021,33,0,325,0,40
New Mexico,Chaves,6.5,6.1 - 7.0,2021,24,0,121,0,0
New York,Erie,6.5,6.1 - 7.0,2021,46,104,258,3,0
North Carolina,Johnston,6.5,6.1 - 7.0,2021,44,104,261,0,0
North Carolina,Lincoln,6.5,6.1 - 7.0,2021,42,243,0,0,0
Ohio,Geauga,6.5,6.1 - 7.0,2021,41,216,0,0,0
Ohio,Hamilton,6.5,6.1 - 7.0,2021,56,58,301,6,0
Oklahoma,McClain,6.5,6.1 - 7.0,2021,40,208,0,0,0
Oklahoma,Oklahoma,6.5,6.1 - 7.0,2021,54,83,276,5,1
Oklahoma,Tulsa,6.5,6.1 - 7.0,2021,53,104,259,0,2
Oregon,Columbia,6.5,6.1 - 7.0,2021,29,119,226,0,0
Oregon,Crook,6.5,6.1 - 7.0,2021,28,0,365,0,0
Oregon,Jackson,6.5,6.1 - 7.0,2021,48,83,282,0,0
Pennsylvania,Lackawanna,6.5,6.1 - 7.0,2021,40,132,202,17,0
Texas,Bell,6.5,6.1 - 7.0,2021,44,230,135,0,0
Texas,Cameron,6.5,6.1 - 7.0,2021,52,67,298,0,0
Texas,Ector,6.5,6.1 - 7.0,2021,35,0,349,0,0
Texas,Lubbock,6.5,6.1 - 7.0,2021,31,0,347,0,0
Utah,Carbon,6.5,6.1 - 7.0,2021,44,323,42,0,0
Virginia,Caroline,6.5,6.1 - 7.0,2021,35,228,0,0,0
Virginia,Richmond City,6.5,6.1 - 7.0,2021,41,0,306,55,0
Washington,Cowlitz,6.5,6.1 - 7.0,2021,21,0,365,0,0
Washington,Whitman,6.5,6.1 - 7.0,2021,22,0,365,0,0
Wisconsin,Ashland,6.5,6.1 - 7.0,2021,37,214,151,0,0
California,Butte,6.6,6.1 - 7.0,2021,53,177,185,0,3
Colorado,Rio Blanco,6.6,6.1 - 7.0,2021,48,251,114,0,0
Georgia,Clarke,6.6,6.1 - 7.0,2021,49,61,304,0,0
Georgia,Clayton,6.6,6.1 - 7.0,2021,44,0,121,0,0
Idaho,Lemhi,6.6,6.1 - 7.0,2021,47,0,365,0,0
Indiana,Porter,6.6,6.1 - 7.0,2021,47,149,205,0,11
Kansas,Chase,6.6,6.1 - 7.0,2021,27,0,120,0,0
Louisiana,Jefferson,6.6,6.1 - 7.0,2021,40,163,191,1,0
New York,Bronx,6.6,6.1 - 7.0,2021,47,109,239,17,0
New York,Onondaga,6.6,6.1 - 7.0,2021,39,187,178,0,0
North Carolina,Cumberland,6.6,6.1 - 7.0,2021,44,124,241,0,0
North Carolina,Pitt,6.6,6.1 - 7.0,2021,39,137,223,0,0
Oregon,Marion,6.6,6.1 - 7.0,2021,36,124,239,0,0
Pennsylvania,Franklin,6.6,6.1 - 7.0,2021,35,288,0,0,0
Pennsylvania,Lebanon,6.6,6.1 - 7.0,2021,49,92,273,0,0
Pennsylvania,Philadelphia,6.6,6.1 - 7.0,2021,54,92,263,10,0
Pennsylvania,Wyoming,6.6,6.1 - 7.0,2021,34,0,336,0,0
South Carolina,Horry,6.6,6.1 - 7.0,2021,38,264,0,0,0
Texas,Kaufman,6.6,6.1 - 7.0,2021,40,153,209,3,0
Utah,Duchesne,6.6,6.1 - 7.0,2021,48,296,69,0,0
Virginia,Rockingham,6.6,6.1 - 7.0,2021,36,210,61,92,0
Alabama,Elmore,6.7,6.1 - 7.0,2021,32,241,0,0,0
California,Kern,6.7,6.1 - 7.0,2021,84,151,199,0,15
California,Tulare,6.7,6.1 - 7.0,2021,81,173,187,0,5
Delaware,Kent,6.7,6.1 - 7.0,2021,42,183,177,0,0
Idaho,Franklin,6.7,6.1 - 7.0,2021,28,0,365,0,0
Illinois,Adams,6.7,6.1 - 7.0,2021,40,242,0,0,0
Illinois,Rock Island,6.7,6.1 - 7.0,2021,49,95,266,0,0
Indiana,Bartholomew,6.7,6.1 - 7.0,2021,43,163,201,0,0
Louisiana,Lafayette,6.7,6.1 - 7.0,2021,42,145,219,0,1
Massachusetts,Hampden,6.7,6.1 - 7.0,2021,46,83,278,4,0
Michigan,Allegan,6.7,6.1 - 7.0,2021,42,176,185,0,0
Michigan,Macomb,6.7,6.1 - 7.0,2021,51,114,251,0,0
Mississippi,Hinds,6.7,6.1 - 7.0,2021,52,30,335,0,0
Mississippi,Jackson,6.7,6.1 - 7.0,2021,44,108,251,0,0
Missouri,Cass,6.7,6.1 - 7.0,2021,42,156,209,0,0
Montana,Powell,6.7,6.1 - 7.0,2021,12,0,117,0,0
Nevada,Churchill,6.7,6.1 - 7.0,2021,44,362,0,0,0
New York,Essex,6.7,6.1 - 7.0,2021,40,337,28,0,0
New York,Wayne,6.7,6.1 - 7.0,2021,33,354,0,0,0
Ohio,Franklin,6.7,6.1 - 7.0,2021,52,88,276,1,0
Ohio,Lake,6.7,6.1 - 7.0,2021,41,148,216,0,1
Oregon,Linn,6.7,6.1 - 7.0,2021,34,0,365,0,0
Oregon,Wasco,6.7,6.1 - 7.0,2021,22,0,319,0,0
Texas,Brazos,6.7,6.1 - 7.0,2021,40,0,356,0,0
Utah,Uintah,6.7,6.1 - 7.0,2021,50,338,27,0,0
Washington,Asotin,6.7,6.1 - 7.0,2021,48,0,335,0,0
Washington,Stevens,6.7,6.1 - 7.0,2021,44,0,338,0,27
Wisconsin,Forest,6.7,6.1 - 7.0,2021,38,221,140,0,0
Wyoming,Big Horn,6.7,6.1 - 7.0,2021,39,364,0,0,0
Alabama,Montgomery,6.8,6.1 - 7.0,2021,44,86,268,0,0
California,Madera,6.8,6.1 - 7.0,2021,58,210,131,0,24
Colorado,Jackson,6.8,6.1 - 7.0,2021,7,0,116,0,0
Idaho,Idaho,6.8,6.1 - 7.0,2021,42,186,179,0,0
Iowa,Lee,6.8,6.1 - 7.0,2021,42,0,101,0,0
Iowa,Woodbury,6.8,6.1 - 7.0,2021,42,0,115,0,0
Kentucky,Fayette,6.8,6.1 - 7.0,2021,47,66,280,16,1
Maryland,Dorchester,6.8,6.1 - 7.0,2021,41,254,111,0,0
Missouri,Jackson,6.8,6.1 - 7.0,2021,53,0,319,5,41
North Carolina,Catawba,6.8,6.1 - 7.0,2021,46,0,344,0,0
Ohio,Wood,6.8,6.1 - 7.0,2021,39,245,0,0,0
Oregon,Jefferson,6.8,6.1 - 7.0,2021,28,0,365,0,0
Oregon,Union,6.8,6.1 - 7.0,2021,27,0,358,0,2
South Carolina,Spartanburg,6.8,6.1 - 7.0,2021,46,112,242,0,0
Tennessee,Montgomery,6.8,6.1 - 7.0,2021,33,0,359,0,0
Texas,Victoria,6.8,6.1 - 7.0,2021,32,364,0,0,0
Washington,Lewis,6.8,6.1 - 7.0,2021,23,0,350,0,0
Washington,Yakima,6.8,6.1 - 7.0,2021,52,0,362,0,3
California,Glenn,6.9,6.1 - 7.0,2021,42,183,172,0,10
California,Humboldt,6.9,6.1 - 7.0,2021,29,219,78,0,56
Idaho,Custer,6.9,6.1 - 7.0,2021,8,0,110,0,0
Illinois,Macon,6.9,6.1 - 7.0,2021,51,92,269,0,0
Iowa,Clinton,6.9,6.1 - 7.0,2021,55,62,303,0,0
Kansas,Neosho,6.9,6.1 - 7.0,2021,51,78,277,0,7
Louisiana,Orleans,6.9,6.1 - 7.0,2021,33,0,296,57,2
Louisiana,West Baton Rouge,6.9,6.1 - 7.0,2021,46,92,272,1,0
Maryland,Garrett,6.9,6.1 - 7.0,2021,39,266,99,0,0
Massachusetts,Bristol,6.9,6.1 - 7.0,2021,39,230,135,0,0
Michigan,Monroe,6.9,6.1 - 7.0,2021,19,0,0,0,61
Missouri,Andrew,6.9,6.1 - 7.0,2021,39,245,0,0,0
Nevada,Elko,6.9,6.1 - 7.0,2021,42,186,13,0,166
Nevada,White Pine,6.9,6.1 - 7.0,2021,44,356,8,0,0
North Carolina,Granville,6.9,6.1 - 7.0,2021,38,242,0,0,0
North Carolina,Haywood,6.9,6.1 - 7.0,2021,43,240,43,0,0
Oregon,Baker,6.9,6.1 - 7.0,2021,29,0,364,0,0
Pennsylvania,Elk,6.9,6.1 - 7.0,2021,34,358,0,0,0
Pennsylvania,Erie,6.9,6.1 - 7.0,2021,38,137,163,18,9
Pennsylvania,Lycoming,6.9,6.1 - 7.0,2021,44,103,251,0,0
Texas,Hidalgo,6.9,6.1 - 7.0,2021,52,85,278,0,0
Texas,Johnson,6.9,6.1 - 7.0,2021,37,363,0,0,0
Texas,Smith,6.9,6.1 - 7.0,2021,35,353,0,8,0
Wyoming,Weston,6.9,6.1 - 7.0,2021,41,343,0,0,0
Alabama,Tuscaloosa,7.0,6.1 - 7.0,2021,34,188,92,0,0
Arkansas,Washington,7.0,6.1 - 7.0,2021,48,101,264,0,0
California,Siskiyou,7.0,6.1 - 7.0,2021,43,178,186,0,0
Colorado,Fremont,7.0,6.1 - 7.0,2021,15,0,0,0,86
Colorado,Prowers,7.0,6.1 - 7.0,2021,19,0,0,0,361
Indiana,Allen,7.0,6.1 - 7.0,2021,40,226,139,0,0
Indiana,Brown,7.0,6.1 - 7.0,2021,33,361,0,0,0
Indiana,Dubois,7.0,6.1 - 7.0,2021,43,0,119,0,6
Indiana,Floyd,7.0,6.1 - 7.0,2021,34,363,0,0,0
Indiana,Monroe,7.0,6.1 - 7.0,2021,43,0,352,0,0
Indiana,Posey,7.0,6.1 - 7.0,2021,32,360,0,0,0
Indiana,St. Joseph,7.0,6.1 - 7.0,2021,52,96,269,0,0
Indiana,Tippecanoe,7.0,6.1 - 7.0,2021,44,0,349,0,0
Kentucky,Campbell,7.0,6.1 - 7.0,2021,44,94,266,2,0
Louisiana,St. John the Baptist,7.0,6.1 - 7.0,2021,31,336,0,0,0
Michigan,Berrien,7.0,6.1 - 7.0,2021,40,250,0,0,0
Michigan,Lenawee,7.0,6.1 - 7.0,2021,46,112,210,0,0
Mississippi,Harrison,7.0,6.1 - 7.0,2021,45,61,298,0,0
Nevada,Lyon,7.0,6.1 - 7.0,2021,41,270,0,0,0
Ohio,Licking,7.0,6.1 - 7.0,2021,38,245,0,0,0
Ohio,Miami,7.0,6.1 - 7.0,2021,40,245,0,0,0
Oregon,Douglas,7.0,6.1 - 7.0,2021,29,0,365,0,0
Oregon,Umatilla,7.0,6.1 - 7.0,2021,38,114,251,0,0
Pennsylvania,Armstrong,7.0,6.1 - 7.0,2021,48,122,228,0,0
Pennsylvania,Blair,7.0,6.1 - 7.0,2021,45,79,257,0,0
Pennsylvania,Cambria,7.0,6.1 - 7.0,2021,51,63,287,0,0
South Carolina,Anderson,7.0,6.1 - 7.0,2021,38,263,0,0,0
South Carolina,Florence,7.0,6.1 - 7.0,2021,39,0,337,0,0
Tennessee,Hamilton,7.0,6.1 - 7.0,2021,48,116,235,0,0
Tennessee,Knox,7.0,6.1 - 7.0,2021,52,51,314,0,0
Tennessee,Sumner,7.0,6.1 - 7.0,2021,44,109,248,0,0
Virginia,Madison,7.0,6.1 - 7.0,2021,39,313,52,0,0
Washington,Grays Harbor,7.0,6.1 - 7.0,2021,26,0,365,0,0
Wyoming,Carbon,7.0,6.1 - 7.0,2021,10,0,0,348,0
Colorado,Delta,7.1,7.1 - 8.1,2021,43,319,39,0,7
Georgia,Richmond,7.1,7.1 - 8.1,2021,51,77,286,0,1
Illinois,Winnebago,7.1,7.1 - 8.1,2021,49,114,246,0,0
Indiana,Whitley,7.1,7.1 - 8.1,2021,47,0,361,0,0
Iowa,Montgomery,7.1,7.1 - 8.1,2021,42,109,242,0,0
Maryland,Washington,7.1,7.1 - 8.1,2021,44,155,205,0,0
Michigan,Manistee,7.1,7.1 - 8.1,2021,38,241,28,0,0
Michigan,St. Clair,7.1,7.1 - 8.1,2021,48,118,247,0,0
Mississippi,Hancock,7.1,7.1 - 8.1,2021,45,62,298,0,0
Missouri,Jefferson,7.1,7.1 - 8.1,2021,44,145,210,0,10
North Carolina,Mitchell,7.1,7.1 - 8.1,2021,31,0,356,0,0
Ohio,Butler,7.1,7.1 - 8.1,2021,55,64,289,0,12
Ohio,Summit,7.1,7.1 - 8.1,2021,45,128,228,0,0
Pennsylvania,Luzerne,7.1,7.1 - 8.1,2021,34,257,0,0,30
Virginia,Rockbridge,7.1,7.1 - 8.1,2021,34,218,65,0,0
Wyoming,Fremont,7.1,7.1 - 8.1,2021,46,289,73,0,3
California,Lake,7.2,7.1 - 8.1,2021,33,335,19,0,2
Georgia,Lowndes,7.2,7.1 - 8.1,2021,46,0,358,0,0
Louisiana,Livingston,7.2,7.1 - 8.1,2021,48,83,259,6,0
Michigan,Cass,7.2,7.1 - 8.1,2021,40,265,0,0,0
Michigan,Mason,7.2,7.1 - 8.1,2021,38,243,0,0,0
New Mexico,Socorro,7.2,7.1 - 8.1,2021,17,0,118,0,0
North Carolina,Alexander,7.2,7.1 - 8.1,2021,41,245,0,0,0
North Carolina,Person,7.2,7.1 - 8.1,2021,41,245,0,0,0
Ohio,Clermont,7.2,7.1 - 8.1,2021,42,171,193,0,0
Ohio,Portage,7.2,7.1 - 8.1,2021,40,217,46,0,0
Oklahoma,Comanche,7.2,7.1 - 8.1,2021,47,145,219,0,0
Oklahoma,Grant,7.2,7.1 - 8.1,2021,30,0,107,0,0
Oregon,Grant,7.2,7.1 - 8.1,2021,51,0,365,0,0
Pennsylvania,Indiana,7.2,7.1 - 8.1,2021,44,103,245,0,0
Pennsylvania,Lawrence,7.2,7.1 - 8.1,2021,31,278,0,0,0
Pennsylvania,Mercer,7.2,7.1 - 8.1,2021,40,223,140,0,0
Pennsylvania,Somerset,7.2,7.1 - 8.1,2021,34,363,0,0,0
Pennsylvania,Susquehanna,7.2,7.1 - 8.1,2021,35,0,334,0,0
Tennessee,Maury,7.2,7.1 - 8.1,2021,35,0,349,0,0
Washington,Adams,7.2,7.1 - 8.1,2021,19,0,364,0,0
Arizona,Gila,7.3,7.1 - 8.1,2021,46,341,4,0,20
Arizona,La Paz,7.3,7.1 - 8.1,2021,46,351,7,0,4
California,Tehama,7.3,7.1 - 8.1,2021,47,256,109,0,0
Georgia,Bibb,7.3,7.1 - 8.1,2021,48,47,318,0,0
Indiana,Lake,7.3,7.1 - 8.1,2021,54,53,308,2,2
Indiana,Marion,7.3,7.1 - 8.1,2021,58,31,332,2,0
Kansas,Wyandotte,7.3,7.1 - 8.1,2021,53,78,287,0,0
Kentucky,Jefferson,7.3,7.1 - 8.1,2021,54,68,297,0,0
Louisiana,St. James,7.3,7.1 - 8.1,2021,28,330,0,0,0
Maine,Kennebec,7.3,7.1 - 8.1,2021,33,205,37,0,2
Michigan,Bay,7.3,7.1 - 8.1,2021,28,0,363,0,0
Michigan,Muskegon,7.3,7.1 - 8.1,2021,40,265,0,0,0
Missouri,St. Louis City,7.3,7.1 - 8.1,2021,55,50,305,1,9
Montana,Lincoln,7.3,7.1 - 8.1,2021,56,0,362,0,3
New York,Jefferson,7.3,7.1 - 8.1,2021,32,351,0,0,0
New York,Niagara,7.3,7.1 - 8.1,2021,34,357,0,0,0
New York,Steuben,7.3,7.1 - 8.1,2021,38,187,178,0,0
North Carolina,Avery,7.3,7.1 - 8.1,2021,40,349,15,0,0
North Carolina,Davidson,7.3,7.1 - 8.1,2021,47,0,343,0,0
North Carolina,Macon,7.3,7.1 - 8.1,2021,30,359,0,0,0
Pennsylvania,Greene,7.3,7.1 - 8.1,2021,42,107,233,0,0
Pennsylvania,Tioga,7.3,7.1 - 8.1,2021,38,182,168,0,0
Texas,McLennan,7.3,7.1 - 8.1,2021,39,216,146,0,0
Utah,San Juan,7.3,7.1 - 8.1,2021,44,360,4,0,0
Arizona,Mohave,7.4,7.1 - 8.1,2021,19,0,2,0,361
Arkansas,Garland,7.4,7.1 - 8.1,2021,45,0,120,0,0
Idaho,Benewah,7.4,7.1 - 8.1,2021,51,0,364,0,0
Illinois,Macoupin,7.4,7.1 - 8.1,2021,31,227,0,131,0
Indiana,Clark,7.4,7.1 - 8.1,2021,52,59,306,0,0
Indiana,Spencer,7.4,7.1 - 8.1,2021,42,0,120,0,0
Louisiana,Bossier,7.4,7.1 - 8.1,2021,51,61,297,0,7
Louisiana,Calcasieu,7.4,7.1 - 8.1,2021,51,78,285,2,0
Missouri,Callaway,7.4,7.1 - 8.1,2021,39,245,0,0,0
Missouri,Lincoln,7.4,7.1 - 8.1,2021,39,244,0,0,0
North Carolina,Caswell,7.4,7.1 - 8.1,2021,38,244,0,0,6
North Carolina,Jackson,7.4,7.1 - 8.1,2021,38,0,100,0,0
North Carolina,Rowan,7.4,7.1 - 8.1,2021,44,181,183,0,0
Ohio,Cuyahoga,7.4,7.1 - 8.1,2021,57,75,284,0,6
Ohio,Lorain,7.4,7.1 - 8.1,2021,41,150,154,0,0
Oklahoma,Washington,7.4,7.1 - 8.1,2021,51,128,217,0,0
Pennsylvania,Bradford,7.4,7.1 - 8.1,2021,42,110,246,0,0
Tennessee,Loudon,7.4,7.1 - 8.1,2021,42,134,231,0,0
Tennessee,Shelby,7.4,7.1 - 8.1,2021,48,127,238,0,0
Texas,Hunt,7.4,7.1 - 8.1,2021,33,357,0,5,0
Texas,Karnes,7.4,7.1 - 8.1,2021,6,0,0,364,0
Washington,Okanogan,7.4,7.1 - 8.1,2021,54,0,365,0,0
Illinois,Hamilton,7.5,7.1 - 8.1,2021,48,83,281,0,0
Maine,Penobscot,7.5,7.1 - 8.1,2021,33,194,166,0,2
Michigan,Huron,7.5,7.1 - 8.1,2021,37,246,0,0,0
Mississippi,Forrest,7.5,7.1 - 8.1,2021,51,0,363,0,0
Missouri,Clinton,7.5,7.1 - 8.1,2021,38,245,0,0,0
Missouri,Greene,7.5,7.1 - 8.1,2021,38,188,135,0,42
Montana,Rosebud,7.5,7.1 - 8.1,2021,38,171,113,6,73
Montana,Sanders,7.5,7.1 - 8.1,2021,42,0,350,0,6
New Hampshire,Coos,7.5,7.1 - 8.1,2021,42,355,5,0,0
New York,Oneida,7.5,7.1 - 8.1,2021,25,0,347,0,0
North Carolina,Yancey,7.5,7.1 - 8.1,2021,44,240,0,0,0
South Carolina,Edgefield,7.5,7.1 - 8.1,2021,39,160,194,0,0
Texas,Harrison,7.5,7.1 - 8.1,2021,47,89,273,0,0
Texas,Jefferson,7.5,7.1 - 8.1,2021,44,147,218,0,0
Texas,Orange,7.5,7.1 - 8.1,2021,41,111,250,3,0
Virginia,Giles,7.5,7.1 - 8.1,2021,38,358,0,0,0
West Virginia,Monongalia,7.5,7.1 - 8.1,2021,39,200,82,0,0
Alabama,Mobile,7.6,7.1 - 8.1,2021,53,35,326,0,0
Arkansas,Clark,7.6,7.1 - 8.1,2021,32,338,0,0,0
California,Del Norte,7.6,7.1 - 8.1,2021,31,0,323,0,0
Georgia,Floyd,7.6,7.1 - 8.1,2021,38,0,354,0,0
Georgia,Walker,7.6,7.1 - 8.1,2021,53,0,233,0,0
Indiana,Carroll,7.6,7.1 - 8.1,2021,34,365,0,0,0
Indiana,Perry,7.6,7.1 - 8.1,2021,36,363,0,0,0
Indiana,Shelby,7.6,7.1 - 8.1,2021,33,365,0,0,0
Michigan,Wexford,7.6,7.1 - 8.1,2021,34,360,0,0,0
Ohio,Madison,7.6,7.1 - 8.1,2021,39,229,0,0,0
Ohio,Preble,7.6,7.1 - 8.1,2021,47,108,257,0,0
Oklahoma,Osage,7.6,7.1 - 8.1,2021,39,327,0,0,0
Oregon,Josephine,7.6,7.1 - 8.1,2021,36,0,365,0,0
Oregon,Klamath,7.6,7.1 - 8.1,2021,54,0,365,0,0
Pennsylvania,Clearfield,7.6,7.1 - 8.1,2021,33,277,0,0,0
Tennessee,Blount,7.6,7.1 - 8.1,2021,44,168,197,0,0
Texas,Bowie,7.6,7.1 - 8.1,2021,52,0,357,0,0
Texas,Gregg,7.6,7.1 - 8.1,2021,33,358,0,7,0
Alabama,Morgan,7.7,7.1 - 8.1,2021,47,71,294,0,0
Georgia,Sumter,7.7,7.1 - 8.1,2021,35,245,0,0,0
Illinois,Randolph,7.7,7.1 - 8.1,2021,45,119,236,0,0
Indiana,Howard,7.7,7.1 - 8.1,2021,44,164,197,0,0
Maine,Androscoggin,7.7,7.1 - 8.1,2021,36,113,239,0,4
Michigan,Genesee,7.7,7.1 - 8.1,2021,41,165,200,0,0
New Mexico,Luna,7.7,7.1 - 8.1,2021,19,0,0,0,362
North Carolina,Montgomery,7.7,7.1 - 8.1,2021,43,139,226,0,0
Oklahoma,Dewey,7.7,7.1 - 8.1,2021,44,196,169,0,0
South Carolina,Darlington,7.7,7.1 - 8.1,2021,35,275,0,0,0
Arkansas,Arkansas,7.8,7.1 - 8.1,2021,39,0,120,0,0
Arkansas,Union,7.8,7.1 - 8.1,2021,48,0,116,0,0
Georgia,Dougherty,7.8,7.1 - 8.1,2021,51,0,352,0,0
Indiana,Vanderburgh,7.8,7.1 - 8.1,2021,51,76,289,0,0
Kentucky,Hardin,7.8,7.1 - 8.1,2021,43,117,247,0,0
Kentucky,Jessamine,7.8,7.1 - 8.1,2021,38,227,0,0,0
Michigan,Missaukee,7.8,7.1 - 8.1,2021,45,85,270,0,0
Mississippi,Lauderdale,7.8,7.1 - 8.1,2021,31,245,0,0,0
Nevada,Nye,7.8,7.1 - 8.1,2021,23,0,0,0,365
North Carolina,Graham,7.8,7.1 - 8.1,2021,42,245,0,0,0
Ohio,Montgomery,7.8,7.1 - 8.1,2021,53,91,266,0,0
Oklahoma,Carter,7.8,7.1 - 8.1,2021,46,0,316,0,0
Oklahoma,Creek,7.8,7.1 - 8.1,2021,37,343,0,0,0
Oregon,Harney,7.8,7.1 - 8.1,2021,48,0,365,0,0
Oregon,Lake,7.8,7.1 - 8.1,2021,28,0,365,0,0
Pennsylvania,Fayette,7.8,7.1 - 8.1,2021,43,83,271,0,0
Alabama,Russell,7.9,7.1 - 8.1,2021,47,51,313,0,0
California,Trinity,7.9,7.1 - 8.1,2021,38,0,328,0,0
Idaho,Shoshone,7.9,7.1 - 8.1,2021,49,0,362,0,1
Iowa,Van Buren,7.9,7.1 - 8.1,2021,44,88,274,0,0
Michigan,Tuscola,7.9,7.1 - 8.1,2021,34,353,0,0,0
Michigan,Wayne,7.9,7.1 - 8.1,2021,58,33,319,5,8
Missouri,Perry,7.9,7.1 - 8.1,2021,39,244,0,0,0
New Mexico,San Juan,7.9,7.1 - 8.1,2021,46,360,0,1,4
North Carolina,Caldwell,7.9,7.1 - 8.1,2021,40,243,0,0,0
North Carolina,Rockingham,7.9,7.1 - 8.1,2021,43,239,0,0,0
Ohio,Lucas,7.9,7.1 - 8.1,2021,46,120,244,0,0
Ohio,Stark,7.9,7.1 - 8.1,2021,53,90,275,0,0
Arkansas,Newton,8.0,7.1 - 8.1,2021,37,330,35,0,0
Indiana,LaPorte,8.0,7.1 - 8.1,2021,37,309,56,0,0
Kentucky,Warren,8.0,7.1 - 8.1,2021,45,78,285,0,0
Louisiana,Caddo,8.0,7.1 - 8.1,2021,37,268,94,0,0
Louisiana,Rapides,8.0,7.1 - 8.1,2021,38,0,122,0,0
New York,Oswego,8.0,7.1 - 8.1,2021,34,360,0,0,0
Ohio,Allen,8.0,7.1 - 8.1,2021,42,178,187,0,0
Tennessee,Roane,8.0,7.1 - 8.1,2021,37,0,357,0,0
Texas,Culberson,8.0,7.1 - 8.1,2021,43,145,76,0,0
Texas,Navarro,8.0,7.1 - 8.1,2021,41,183,181,1,0
Virginia,Prince Edward,8.0,7.1 - 8.1,2021,33,356,0,0,0
Virginia,Wythe,8.0,7.1 - 8.1,2021,39,242,0,0,0
Alabama,Etowah,8.1,7.1 - 8.1,2021,38,201,85,0,0
Georgia,Washington,8.1,7.1 - 8.1,2021,51,0,365,0,0
Idaho,Butte,8.1,7.1 - 8.1,2021,42,350,13,0,0
Indiana,Elkhart,8.1,7.1 - 8.1,2021,45,139,226,0,0
Indiana,Henry,8.1,7.1 - 8.1,2021,38,0,117,0,0
Indiana,Wabash,8.1,7.1 - 8.1,2021,35,362,0,0,0
Kentucky,Bullitt,8.1,7.1 - 8.1,2021,37,237,0,0,0
Louisiana,Lafourche,8.1,7.1 - 8.1,2021,45,112,235,0,0
Louisiana,Terrebonne,8.1,7.1 - 8.1,2021,34,0,110,0,0
Michigan,Schoolcraft,8.1,7.1 - 8.1,2021,37,175,185,0,0
Missouri,Taney,8.1,7.1 - 8.1,2021,27,0,118,0,0
New Mexico,Catron,8.1,7.1 - 8.1,2021,14,0,112,0,0
New York,Chautauqua,8.1,7.1 - 8.1,2021,38,318,43,0,0
North Carolina,Edgecombe,8.1,7.1 - 8.1,2021,38,171,192,0,0
North Carolina,Martin,8.1,7.1 - 8.1,2021,32,238,0,0,58
Ohio,Knox,8.1,7.1 - 8.1,2021,38,245,0,0,0
Tennessee,Anderson,8.1,7.1 - 8.1,2021,38,235,0,0,0
Tennessee,Madison,8.1,7.1 - 8.1,2021,38,0,356,0,0
Virginia,Pittsylvania,8.1,7.1 - 8.1,2021,3,0,0,335,0
Arkansas,Crittenden,8.2,8.2 - 15.8,2021,45,98,265,2,0
Louisiana,Iberville,8.2,8.2 - 15.8,2021,39,307,58,0,0
Louisiana,Ouachita,8.2,8.2 - 15.8,2021,35,277,72,0,0
New York,Hamilton,8.2,8.2 - 15.8,2021,33,358,0,0,0
North Carolina,Northampton,8.2,8.2 - 15.8,2021,34,0,359,4,0
Ohio,Belmont,8.2,8.2 - 15.8,2021,14,0,108,247,8
Ohio,Mahoning,8.2,8.2 - 15.8,2021,47,86,279,0,0
Oklahoma,Love,8.2,8.2 - 15.8,2021,42,286,0,0,0
West Virginia,Ohio,8.2,8.2 - 15.8,2021,39,196,89,0,0
Georgia,Murray,8.3,8.2 - 15.8,2021,38,223,53,0,0
Indiana,Madison,8.3,8.2 - 15.8,2021,48,124,240,0,0
Kentucky,Simpson,8.3,8.2 - 15.8,2021,37,243,0,0,0
Louisiana,Pointe Coupee,8.3,8.2 - 15.8,2021,32,365,0,0,0
Louisiana,St. Martin,8.3,8.2 - 15.8,2021,34,360,0,0,0
Maine,Oxford,8.3,8.2 - 15.8,2021,35,170,190,0,0
Mississippi,Yalobusha,8.3,8.2 - 15.8,2021,31,359,0,0,0
Missouri,Monroe,8.3,8.2 - 15.8,2021,32,363,0,0,2
Oklahoma,Pittsburg,8.3,8.2 - 15.8,2021,51,107,253,0,0
South Carolina,Chesterfield,8.3,8.2 - 15.8,2021,41,134,224,0,0
West Virginia,Berkeley,8.3,8.2 - 15.8,2021,40,189,84,0,0
Indiana,Knox,8.4,8.2 - 15.8,2021,36,360,0,0,0
Kentucky,Daviess,8.4,8.2 - 15.8,2021,48,88,275,0,0
Kentucky,McCracken,8.4,8.2 - 15.8,2021,44,93,247,21,2
Kentucky,Washington,8.4,8.2 - 15.8,2021,36,362,0,0,0
Louisiana,St. Bernard,8.4,8.2 - 15.8,2021,47,117,242,0,0
Louisiana,Tangipahoa,8.4,8.2 - 15.8,2021,39,0,110,0,0
North Carolina,Hyde,8.4,8.2 - 15.8,2021,22,0,107,0,0
North Carolina,Swain,8.4,8.2 - 15.8,2021,40,200,154,0,0
Ohio,Clinton,8.4,8.2 - 15.8,2021,39,240,0,0,0
Oklahoma,Kay,8.4,8.2 - 15.8,2021,52,0,354,0,0
Texas,Polk,8.4,8.2 - 15.8,2021,30,353,0,0,0
Texas,Potter,8.4,8.2 - 15.8,2021,31,0,354,0,0
Virginia,Carroll,8.4,8.2 - 15.8,2021,9,0,0,0,60
Indiana,Greene,8.5,8.2 - 15.8,2021,38,287,69,0,0
Missouri,Buchanan,8.5,8.2 - 15.8,2021,44,0,310,0,55
Ohio,Columbiana,8.5,8.2 - 15.8,2021,16,0,0,0,61
Tennessee,Jefferson,8.5,8.2 - 15.8,2021,41,235,0,0,0
Tennessee,Sevier,8.5,8.2 - 15.8,2021,42,363,0,0,0
Tennessee,Sullivan,8.5,8.2 - 15.8,2021,41,153,212,0,0
West Virginia,Brooke,8.5,8.2 - 15.8,2021,21,0,122,0,240
Alabama,Lawrence,8.6,8.2 - 15.8,2021,28,0,100,0,0
Indiana,Vigo,8.6,8.2 - 15.8,2021,51,100,265,0,0
Maine,Aroostook,8.6,8.2 - 15.8,2021,35,198,158,0,9
North Carolina,Lenoir,8.6,8.2 - 15.8,2021,34,241,0,0,65
Ohio,Clark,8.6,8.2 - 15.8,2021,52,78,287,0,0
Oklahoma,Mayes,8.6,8.2 - 15.8,2021,37,248,0,0,0
Tennessee,Putnam,8.6,8.2 - 15.8,2021,36,0,356,0,0
Alabama,Clay,8.7,8.2 - 15.8,2021,36,0,110,0,0
Georgia,Charlton,8.7,8.2 - 15.8,2021,25,0,121,0,0
Indiana,Delaware,8.7,8.2 - 15.8,2021,37,293,69,0,0
Kentucky,Greenup,8.7,8.2 - 15.8,2021,34,231,0,0,0
Kentucky,Trigg,8.7,8.2 - 15.8,2021,35,345,0,0,0
Missouri,Jasper,8.7,8.2 - 15.8,2021,38,218,0,0,142
Ohio,Washington,8.7,8.2 - 15.8,2021,39,245,0,0,0
Oklahoma,Kiowa,8.7,8.2 - 15.8,2021,43,283,0,0,0
Tennessee,Dyer,8.7,8.2 - 15.8,2021,39,0,350,0,0
Alabama,Sumter,8.8,8.2 - 15.8,2021,35,91,264,0,0
Arkansas,Polk,8.8,8.2 - 15.8,2021,40,293,67,0,0
Georgia,Coffee,8.8,8.2 - 15.8,2021,35,0,116,0,0
Ohio,Trumbull,8.8,8.2 - 15.8,2021,45,114,249,0,0
Arizona,Navajo,8.9,8.2 - 15.8,2021,44,337,4,0,24
Kentucky,Hancock,8.9,8.2 - 15.8,2021,38,241,0,0,0
Mississippi,Bolivar,8.9,8.2 - 15.8,2021,44,94,266,0,0
West Virginia,Hancock,8.9,8.2 - 15.8,2021,38,194,81,0,89
West Virginia,Marion,8.9,8.2 - 15.8,2021,40,0,91,0,0
West Virginia,Tucker,8.9,8.2 - 15.8,2021,34,344,19,0,0
Maine,Washington,9.0,8.2 - 15.8,2021,33,344,16,0,0
Montana,Roosevelt,9.0,8.2 - 15.8,2021,16,0,100,0,0
Ohio,Harrison,9.0,8.2 - 15.8,2021,5,0,54,0,3
Ohio,Jefferson,9.0,8.2 - 15.8,2021,55,49,309,0,0
Tennessee,McMinn,9.0,8.2 - 15.8,2021,37,0,360,0,0
West Virginia,Kanawha,9.0,8.2 - 15.8,2021,44,116,249,0,0
Ohio,Athens,9.1,8.2 - 15.8,2021,27,0,113,0,0
Oklahoma,Ottawa,9.1,8.2 - 15.8,2021,59,25,336,0,4
West Virginia,Harrison,9.1,8.2 - 15.8,2021,35,0,115,0,0
West Virginia,Marshall,9.1,8.2 - 15.8,2021,53,0,353,0,0
Ohio,Fayette,9.2,8.2 - 15.8,2021,36,360,0,0,0
Ohio,Noble,9.2,8.2 - 15.8,2021,37,319,32,0,0
Kentucky,Boyd,9.3,8.2 - 15.8,2021,44,70,282,8,0
Kentucky,Livingston,9.3,8.2 - 15.8,2021,39,243,0,0,0
West Virginia,Gilmer,9.3,8.2 - 15.8,2021,31,358,0,0,0
Arkansas,Ashley,9.4,8.2 - 15.8,2021,42,0,120,0,0
Alabama,DeKalb,9.5,8.2 - 15.8,2021,37,298,63,0,0
Arkansas,Jackson,9.5,8.2 - 15.8,2021,39,0,120,0,0
Kentucky,Christian,9.6,8.2 - 15.8,2021,49,66,299,0,0
Ohio,Lawrence,9.6,8.2 - 15.8,2021,46,85,280,0,0
West Virginia,Wood,9.6,8.2 - 15.8,2021,38,182,89,0,0
Georgia,Chattooga,9.7,8.2 - 15.8,2021,33,245,0,0,0
Oklahoma,Sequoyah,9.7,8.2 - 15.8,2021,41,125,235,0,0
Tennessee,DeKalb,9.7,8.2 - 15.8,2021,35,363,0,0,0
Tennessee,Claiborne,9.8,8.2 - 15.8,2021,34,357,0,0,0
Tennessee,Lawrence,9.8,8.2 - 15.8,2021,34,0,357,0,0
Missouri,Stoddard,9.9,8.2 - 15.8,2021,30,0,109,0,0
Ohio,Ashtabula,10.0,8.2 - 15.8,2021,38,243,0,0,0
West Virginia,Cabell,10.0,8.2 - 15.8,2021,38,193,90,0,0
Missouri,Cedar,10.1,8.2 - 15.8,2021,42,148,202,0,0
Kentucky,Pulaski,10.3,8.2 - 15.8,2021,45,74,287,0,0
Ohio,Scioto,10.3,8.2 - 15.8,2021,16,0,122,0,243
West Virginia,Greenbrier,10.3,8.2 - 15.8,2021,37,231,0,0,0
Arizona,Apache,10.4,8.2 - 15.8,2021,15,0,67,0,292
Kentucky,Edmonson,10.5,8.2 - 15.8,2021,36,326,35,0,0
South Dakota,Jackson,10.6,8.2 - 15.8,2021,35,220,139,1,5
Oklahoma,Adair,10.7,8.2 - 15.8,2021,40,228,133,0,4
Kentucky,Morgan,11.2,8.2 - 15.8,2021,35,352,0,0,0
Kentucky,Perry,11.2,8.2 - 15.8,2021,44,71,294,0,0
Kentucky,Carter,11.7,8.2 - 15.8,2021,35,200,77,0,2
Kentucky,Pike,11.8,8.2 - 15.8,2021,41,92,273,0,0
Kentucky,Bell,13.3,8.2 - 15.8,2021,52,47,317,0,0
